<?xml version="1.0" encoding="UTF-8"?>
<GenRun Id="invpsi_mem_synth_1" LaunchPart="xc7a35tcpg236-1" LaunchTime="1491207125">
  <File Type="RUN-CONSTRS" Name="$PDATADIR/runs/invpsi_mem_synth_1/constrs_in.xml"/>
  <File Type="RDS-DCP" Name="invpsi_mem.dcp"/>
  <File Type="RUN-SRCS" Name="$PDATADIR/runs/invpsi_mem_synth_1/sources.xml"/>
  <File Type="RDS-UTIL-PB" Name="invpsi_mem_utilization_synth.pb"/>
  <File Type="RUN-STRAT" Name="$PDATADIR/runs/invpsi_mem_synth_1/invpsi_mem_synth_1.psg"/>
  <File Type="PA-TCL" Name="invpsi_mem.tcl"/>
  <File Type="RDS-PROPCONSTRS" Name="invpsi_mem_drc_synth.rpt"/>
  <File Type="RDS-RDS" Name="invpsi_mem.vds"/>
  <File Type="RDS-UTIL" Name="invpsi_mem_utilization_synth.rpt"/>
  <File Type="VDS-TIMINGSUMMARY" Name="invpsi_mem_timing_summary_synth.rpt"/>
  <File Type="VDS-TIMING-PB" Name="invpsi_mem_timing_summary_synth.pb"/>
  <FileSet Name="sources" Type="BlockSrcs" RelSrcDir="$PSRCDIR/invpsi_mem">
    <File Path="$PSRCDIR/sources_1/ip/invpsi_mem/invpsi_mem.xci">
      <FileInfo>
        <Attr Name="UsedIn" Val="synthesis"/>
        <Attr Name="UsedIn" Val="implementation"/>
        <Attr Name="UsedIn" Val="simulation"/>
      </FileInfo>
    </File>
    <Config>
      <Option Name="TopModule" Val="invpsi_mem"/>
      <Option Name="UseBlackboxStub" Val="1"/>
    </Config>
  </FileSet>
  <FileSet Name="constrs_in" Type="BlockSrcs" RelSrcDir="$PSRCDIR/invpsi_mem">
    <File Path="$PSRCDIR/sources_1/ip/invpsi_mem/invpsi_mem.xci">
      <FileInfo>
        <Attr Name="UsedIn" Val="synthesis"/>
        <Attr Name="UsedIn" Val="implementation"/>
        <Attr Name="UsedIn" Val="simulation"/>
      </FileInfo>
    </File>
    <Config>
      <Option Name="TopModule" Val="invpsi_mem"/>
      <Option Name="UseBlackboxStub" Val="1"/>
    </Config>
  </FileSet>
  <Strategy Version="1" Minor="2">
    <StratHandle Name="Vivado Synthesis Defaults" Flow="Vivado Synthesis 2015"/>
    <Step Id="synth_design"/>
  </Strategy>
</GenRun>
