<?xml version="1.0" encoding="UTF-8"?>
<GenRun Id="blk_mem_gen_0_synth_1" LaunchPart="xc7a35tcpg236-1" LaunchTime="1491207123">
  <File Type="RUN-CONSTRS" Name="$PDATADIR/runs/blk_mem_gen_0_synth_1/constrs_in.xml"/>
  <File Type="RDS-DCP" Name="blk_mem_gen_0.dcp"/>
  <File Type="RUN-SRCS" Name="$PDATADIR/runs/blk_mem_gen_0_synth_1/sources.xml"/>
  <File Type="RDS-UTIL-PB" Name="blk_mem_gen_0_utilization_synth.pb"/>
  <File Type="RUN-STRAT" Name="$PDATADIR/runs/blk_mem_gen_0_synth_1/blk_mem_gen_0_synth_1.psg"/>
  <File Type="PA-TCL" Name="blk_mem_gen_0.tcl"/>
  <File Type="RDS-PROPCONSTRS" Name="blk_mem_gen_0_drc_synth.rpt"/>
  <File Type="RDS-RDS" Name="blk_mem_gen_0.vds"/>
  <File Type="RDS-UTIL" Name="blk_mem_gen_0_utilization_synth.rpt"/>
  <File Type="VDS-TIMINGSUMMARY" Name="blk_mem_gen_0_timing_summary_synth.rpt"/>
  <File Type="VDS-TIMING-PB" Name="blk_mem_gen_0_timing_summary_synth.pb"/>
  <FileSet Name="sources" Type="BlockSrcs" RelSrcDir="$PSRCDIR/blk_mem_gen_0">
    <File Path="$PSRCDIR/sources_1/ip/blk_mem_gen_0/blk_mem_gen_0.xci">
      <FileInfo>
        <Attr Name="UsedIn" Val="synthesis"/>
        <Attr Name="UsedIn" Val="implementation"/>
        <Attr Name="UsedIn" Val="simulation"/>
      </FileInfo>
    </File>
    <Config>
      <Option Name="TopModule" Val="blk_mem_gen_0"/>
      <Option Name="UseBlackboxStub" Val="1"/>
    </Config>
  </FileSet>
  <FileSet Name="constrs_in" Type="BlockSrcs" RelSrcDir="$PSRCDIR/blk_mem_gen_0">
    <File Path="$PSRCDIR/sources_1/ip/blk_mem_gen_0/blk_mem_gen_0.xci">
      <FileInfo>
        <Attr Name="UsedIn" Val="synthesis"/>
        <Attr Name="UsedIn" Val="implementation"/>
        <Attr Name="UsedIn" Val="simulation"/>
      </FileInfo>
    </File>
    <Config>
      <Option Name="TopModule" Val="blk_mem_gen_0"/>
      <Option Name="UseBlackboxStub" Val="1"/>
    </Config>
  </FileSet>
  <Strategy Version="1" Minor="2">
    <StratHandle Name="Vivado Synthesis Defaults" Flow="Vivado Synthesis 2015"/>
    <Step Id="synth_design"/>
  </Strategy>
</GenRun>
